<?xml version="1.0" encoding="UTF-8"?>
<project-private xmlns="http://www.netbeans.org/ns/project-private/1">
    <editor-bookmarks xmlns="http://www.netbeans.org/ns/editor-bookmarks/2" lastBookmarkId="0"/>
    <open-files xmlns="http://www.netbeans.org/ns/projectui-open-files/2">
        <group>
            <file>file:/C:/Users/lucas/Desktop/NetBeans%20algoritmos/BuscaFilmes/src/java/controllers/Ranking.java</file>
            <file>file:/C:/Users/lucas/Desktop/NetBeans%20algoritmos/BuscaFilmes/src/java/model/ResultadoBusca.java</file>
            <file>file:/C:/Users/lucas/Desktop/NetBeans%20algoritmos/BuscaFilmes/src/java/persistence/BuscaAvancadaDAO.java</file>
            <file>file:/C:/Users/lucas/Desktop/NetBeans%20algoritmos/BuscaFilmes/src/java/controllers/BuscaAvancada.java</file>
            <file>file:/C:/Users/lucas/Desktop/NetBeans%20algoritmos/BuscaFilmes/src/java/model/Movie.java</file>
            <file>file:/C:/Users/lucas/Desktop/NetBeans%20algoritmos/BuscaFilmes/web/index.jsp</file>
            <file>file:/C:/Users/lucas/Desktop/NetBeans%20algoritmos/BuscaFilmes/src/java/persistence/ConnectionFactory.java</file>
        </group>
    </open-files>
</project-private>
